院校,专业名,类别,选科要求,计划数
浙江工业大学,健行学院实验班(人文社科),A组,,15
浙江工业大学,健行学院实验班(理工),B组,物理、化学,55
浙江工业大学,化工与制药类(化学工程类),C组,物理、化学,40
浙江工业大学,化学工程与工艺(卓越工程师),C组,物理、化学,5
浙江工业大学,生物工程类,C组,物理、化学,30
浙江工业大学,药学类(“2011计划”创新实验区),C组,物理、化学,30
浙江工业大学,环境科学与工程类,C组,物理、化学,25
浙江工业大学,材料类,C组,物理、化学,25
浙江工业大学,食品科学与工程类,C组,物理、化学,25
浙江工业大学,工商管理类,D组,,5
浙江工业大学,金融学,D组,,5
浙江工业大学,国际经济与贸易,D组,,5
浙江工业大学,应用心理学,D组,,5
浙江工业大学,英语,D组,,5
浙江工业大学,新闻传播学类,D组,,5
浙江工业大学,汉语言文学,D组,,5
浙江工业大学,城乡规划,D组,,5
浙江工业大学,法学,D组,,10
浙江工业大学,公共管理类,D组,,10
浙江工业大学,计算机类,E组,物理、化学,20
浙江工业大学,数据科学与大数据技术,E组,物理、化学,10
浙江工业大学,土木类,E组,物理、化学,30
浙江工业大学,物理学类(物理与光电信息类),E组,物理、化学,15
浙江工业大学,数学类,E组,物理、化学,15
浙江工业大学,管理科学与工程类,E组,物理,10
浙江工业大学,机械类,F组,物理、化学,35
浙江工业大学,机械工程(卓越工程师),F组,物理、化学,5
浙江工业大学,能源与环境系统工程,F组,物理、化学,5
浙江工业大学,机器人工程,F组,物理、化学,10
浙江工业大学,电气类,F组,物理、化学,10
浙江工业大学,电子信息类,F组,物理、化学,15
浙江工业大学,工业设计,F组,物理、化学,5
浙江工业大学,安全工程,F组,物理、化学,5
浙江师范大学,思想政治教育(师范),普通类,政治,30
浙江师范大学,小学教育(师范),普通类,,40
浙江师范大学,汉语言文学(师范),普通类,,40
浙江师范大学,英语(师范),普通类,,26
浙江师范大学,数学与应用数学(师范),普通类,物理、化学,25
浙江师范大学,物理学(师范),普通类,物理、化学,20
浙江师范大学,化学(师范),普通类,物理、化学,35
浙江师范大学,生物科学(师范),普通类,物理、化学,35
浙江师范大学,学前教育(师范),普通类,,30
浙江师范大学,特殊教育(师范),普通类,,30
浙江师范大学,地理科学(地理科学+思想政治教育本硕衔接试验班)(师范),复硕,地理,40
浙江师范大学,化学(化学+生物科学本硕衔接试验班)(师范),复硕,物理、化学,40
宁波大学,水产养殖学(拔尖人才创新班),非师范类,物理、化学,5
宁波大学,物理学(拔尖人才创新班),非师范类,物理、化学,5
宁波大学,生物技术(拔尖人才创新班),非师范类,物理、化学,5
宁波大学,环境工程,非师范类,物理、化学,5
宁波大学,物流管理,非师范类,,5
宁波大学,机械类,非师范类,物理、化学,10
宁波大学,历史学,非师范类,,10
宁波大学,日语,非师范类,,10
宁波大学,德语,非师范类,,10
宁波大学,汉语言文学,非师范类,,15
宁波大学,经济学,非师范类,,15
宁波大学,学前教育(师范),师范类,,15
宁波大学,思想政治教育(师范),师范类,政治,15
宁波大学,汉语言文学(师范),师范类,,15
宁波大学,数学与应用数学(师范),师范类,物理、化学,15
宁波大学,英语(师范),师范类,,20
宁波大学,物理学(师范),师范类,物理、化学,20
宁波大学,地理科学(师范),师范类,地理,40
宁波大学,小学教育(师范),师范类,,95
宁波大学,人文地理与城乡规划(中外合作办学)(中法合作),中外合作类,地理,20
宁波大学,旅游管理(中外合作办学)(中法合作),中外合作类,,20
杭州电子科技大学,计算机科学与技术,普通类,物理、化学,25
杭州电子科技大学,软件工程,普通类,物理、化学,15
杭州电子科技大学,电子信息类(电子信息学院),普通类,物理、化学,30
杭州电子科技大学,数字媒体技术,普通类,物理、化学,10
杭州电子科技大学,信息安全,普通类,物理、化学,5
杭州电子科技大学,网络工程,普通类,物理、化学,5
杭州电子科技大学,集成电路设计与集成系统,普通类,物理、化学,10
杭州电子科技大学,智能科学与技术,普通类,物理、化学,10
杭州电子科技大学,统计学,普通类,物理、化学,10
杭州电子科技大学,环境工程,普通类,物理、化学,20
杭州电子科技大学,会计学,普通类,,10
杭州电子科技大学,审计学,普通类,,5
杭州电子科技大学,财务管理,普通类,,5
杭州电子科技大学,金融学,普通类,,15
杭州电子科技大学,法学,普通类,,5
杭州电子科技大学,英语,普通类,,10
杭州电子科技大学,智能制造工程,普通类,物理、化学,5
杭州电子科技大学,应用物理学,普通类,物理、化学,10
杭州电子科技大学,车辆工程,普通类,物理、化学,5
杭州电子科技大学,材料科学与工程,普通类,物理、化学,20
杭州电子科技大学,管理科学与工程类,普通类,物理,30
杭州电子科技大学,数学类,普通类,物理、化学,30
杭州电子科技大学,光电信息科学与工程,普通类,物理、化学,15
杭州电子科技大学,电气工程及其自动化,普通类,物理、化学,20
杭州电子科技大学,自动化,普通类,物理、化学,35
杭州电子科技大学,机械设计制造及其自动化,普通类,物理、化学,20
杭州电子科技大学,工商管理,普通类,,10
杭州电子科技大学,工业设计,普通类,物理、化学,5
杭州电子科技大学,工业工程,普通类,物理,10
杭州电子科技大学,传播学,普通类,,10
浙江工商大学,工商管理类,Ⅰ类,,10
浙江工商大学,数字经济,Ⅰ类,物理,20
浙江工商大学,会计学,Ⅰ类,,5
浙江工商大学,金融学(普惠金融创新班),Ⅰ类,,15
浙江工商大学,金融工程,Ⅰ类,物理,5
浙江工商大学,保险学,Ⅰ类,,5
浙江工商大学,公共管理类,Ⅱ类,,20
浙江工商大学,旅游管理类,Ⅱ类,,25
浙江工商大学,外国语言文学类,Ⅱ类,,25
浙江工商大学,新闻传播学类,Ⅱ类,,20
浙江工商大学,城乡规划,Ⅱ类,,4
浙江工商大学,社会工作,Ⅱ类,,4
浙江工商大学,哲学,Ⅱ类,,4
浙江工商大学,汉语言文学,Ⅱ类,,4
浙江工商大学,法语,Ⅱ类,,10
浙江工商大学,阿拉伯语,Ⅱ类,,10
浙江工商大学,日语,Ⅱ类,,25
浙江工商大学,历史学,Ⅱ类,,4
浙江工商大学,电子信息类,Ⅲ类,物理、化学,15
浙江工商大学,计算机类,Ⅲ类,物理、化学,15
浙江工商大学,环境科学与工程类,Ⅲ类,物理、化学,30
浙江工商大学,食品科学与工程类,Ⅲ类,物理、化学,30
浙江工商大学,数学与应用数学,Ⅲ类,物理、化学,10
浙江工商大学,给排水科学与工程,Ⅲ类,物理、化学,5
浙江工商大学,生物工程,Ⅲ类,物理、化学,10
浙江工商大学,信息管理与信息系统,Ⅲ类,物理,10
浙江工商大学,电子信息工程(中外合作办学),Ⅲ类,物理、化学,10
浙江工商大学,通信工程(中外合作办学),Ⅲ类,物理、化学,10
浙江理工大学,纺织类(纺织工程、非织造材料与工程),理工类一,物理、化学,30
浙江理工大学,轻化工程,理工类一,物理、化学,20
浙江理工大学,服装设计与工程,理工类一,物理,25
浙江理工大学,丝绸设计与工程,理工类一,,20
浙江理工大学,生物科学类(生物技术、生物制药),理工类一,物理、化学,30
浙江理工大学,材料类(材料科学与工程、高分子材料与工程),理工类一,物理、化学,30
浙江理工大学,应用化学,理工类一,物理、化学,20
浙江理工大学,数学类(数学与应用数学、信息与计算科学),理工类二,物理、化学,30
浙江理工大学,应用物理学,理工类二,物理、化学,20
浙江理工大学,土木类(土木工程、建筑环境与能源应用工程、工程管理),理工类二,物理、化学,30
浙江理工大学,建筑学,理工类二,,15
浙江理工大学,机械类(机械设计制造及其自动化、机械电子工程、智能制造工程),理工类二,物理、化学,25
浙江理工大学,工业设计,理工类二,物理、化学,25
浙江理工大学,自动化,理工类二,物理、化学,10
浙江理工大学,经济与贸易类(经济学、金融学、国际经济与贸易),经管人文类,,15
浙江理工大学,工商管理类(会计学、工商管理、人力资源管理),经管人文类,,15
浙江理工大学,外国语言文学类(英语、日语),经管人文类,,20
浙江理工大学,新闻传播学类(传播学、汉语言文学),经管人文类,,10
浙江理工大学,行政管理,经管人文类,,10
温州医科大学,眼视光医学(5+3一体化),临床医学类,物理、化学,10
温州医科大学,临床医学(5+3一体化),临床医学类,物理、化学,10
温州医科大学,"临床医学(5+3一体化,儿科学方向)",临床医学类,物理、化学,5
温州医科大学,临床医学,临床医学类,物理、化学,60
温州医科大学,眼视光医学,临床医学类,物理、化学,5
温州医科大学,口腔医学,临床医学类,物理、化学,5
温州医科大学,麻醉学,临床医学类,物理、化学,5
温州医科大学,医学影像学,临床医学类,物理、化学,5
温州医科大学,放射医学,临床医学类,物理、化学,5
温州医科大学,精神医学,临床医学类,物理、化学,5
温州医科大学,药学,医学相关类,物理、化学,15
温州医科大学,生物制药,医学相关类,物理、化学,5
温州医科大学,临床药学,医学相关类,物理、化学,10
温州医科大学,康复治疗学,医学相关类,物理、化学,10
温州医科大学,生物技术,医学相关类,物理、化学,10
温州医科大学,生物医学工程,医学相关类,物理、化学,10
温州医科大学,医学检验技术,医学相关类,物理、化学,15
温州医科大学,医学影像技术,医学相关类,物理、化学,10
浙江海洋大学,海洋科学,非师范类,物理、化学,10
浙江海洋大学,水产养殖学,非师范类,物理、化学,10
浙江海洋大学,船舶与海洋工程,非师范类,物理、化学,15
浙江海洋大学,数学与应用数学(师范),师范类,物理、化学,15
浙江海洋大学,物理学(师范),师范类,物理、化学,10
浙江海洋大学,历史学(师范),师范类,历史,10
浙江海洋大学,小学教育(师范),师范类,,30
浙江海洋大学,英语(师范),师范类,,10
浙江农林大学,农学,A类,物理、化学,5
浙江农林大学,植物保护,A类,物理、化学,5
浙江农林大学,林学,A类,物理、化学,10
浙江农林大学,生物技术,A类,物理、化学,10
浙江农林大学,生态学,A类,物理、化学,5
浙江农林大学,农业资源与环境,A类,物理、化学,5
浙江农林大学,环境科学与工程,A类,物理、化学,5
浙江农林大学,测绘工程,A类,物理、化学,10
浙江农林大学,木材科学与工程,A类,物理、化学,10
浙江农林大学,家具设计与工程,A类,物理、化学,10
浙江农林大学,应用化学,A类,物理、化学,10
浙江农林大学,高分子材料与工程,A类,物理、化学,10
浙江农林大学,土木工程,A类,物理、化学,10
浙江农林大学,动物科学,A类,物理、化学,15
浙江农林大学,工业设计,A类,物理、化学,15
浙江农林大学,应用统计学,A类,物理、化学,10
浙江农林大学,数据科学与大数据技术,A类,物理、化学,10
浙江农林大学,智能科学与技术,A类,物理、化学,5
浙江农林大学,物联网工程,A类,物理、化学,5
浙江农林大学,机械设计制造及其自动化,A类,物理、化学,30
浙江农林大学,电子信息工程,A类,物理、化学,5
浙江农林大学,食品科学与工程,A类,物理、化学,5
浙江农林大学,食品质量与安全,A类,物理、化学,10
浙江农林大学,中药学,A类,物理、化学,5
浙江农林大学,生物制药,A类,物理、化学,5
浙江农林大学,园艺,A类,物理、化学,25
浙江农林大学,茶学,A类,物理、化学,15
浙江农林大学,园林,A类,,15
浙江农林大学,金融工程,A类,物理,10
浙江农林大学,地理信息科学,B类,地理,15
浙江农林大学,风景园林,B类,,5
浙江农林大学,城乡规划,B类,,10
浙江农林大学,建筑学,B类,,10
浙江农林大学,农林经济管理,B类,,5
浙江农林大学,国际经济与贸易,B类,,5
浙江农林大学,工商管理,B类,,5
浙江农林大学,英语,B类,,10
浙江农林大学,文化产业管理(茶文化),B类,,5
浙江中医药大学,中医学(5+3一体化),医学,化学,10
浙江中医药大学,中医学,医学,化学,30
浙江中医药大学,临床医学,医学,物理、化学,40
浙江中医药大学,中西医临床医学,医学,物理、化学,10
浙江中医药大学,中药学,医学,物理、化学,35
浙江中医药大学,护理学(卓越班),医学,化学,10
浙江中医药大学,护理学,医学,化学,25
浙江中医药大学,公共事业管理,管理学,,10
浙江中医药大学,健康服务与管理,管理学,,10
中国计量大学,自动化,普通类提前录取,物理、化学,5
中国计量大学,电气工程及其自动化,普通类提前录取,物理、化学,10
中国计量大学,机械设计制造及其自动化,普通类提前录取,物理、化学,10
中国计量大学,机械电子工程,普通类提前录取,物理、化学,5
中国计量大学,测控技术与仪器,普通类提前录取,物理、化学,20
中国计量大学,智能感知工程,普通类提前录取,物理、化学,10
中国计量大学,电子信息工程,普通类提前录取,物理、化学,3
中国计量大学,通信工程,普通类提前录取,物理、化学,3
中国计量大学,计算机科学与技术,普通类提前录取,物理、化学,5
中国计量大学,人工智能,普通类提前录取,物理、化学,5
中国计量大学,光电信息科学与工程,普通类提前录取,物理、化学,25
中国计量大学,电子科学与技术,普通类提前录取,物理、化学,15
中国计量大学,功能材料,普通类提前录取,物理、化学,10
中国计量大学,材料科学与工程,普通类提前录取,物理、化学,10
中国计量大学,应用化学,普通类提前录取,物理、化学,5
中国计量大学,能源与动力工程,普通类提前录取,物理、化学,10
中国计量大学,安全工程,普通类提前录取,物理、化学,10
中国计量大学,环境工程,普通类提前录取,物理、化学,6
中国计量大学,信息管理与信息系统,普通类提前录取,物理,15
中国计量大学,数学与应用数学,普通类提前录取,物理、化学,10
中国计量大学,应用物理学,普通类提前录取,物理、化学,8
中国计量大学,声学,普通类提前录取,物理、化学,5
中国计量大学,食品质量与安全,普通类提前录取,物理、化学,10
中国计量大学,生物工程,普通类提前录取,物理、化学,15
中国计量大学,工业设计,普通类提前录取,物理、化学,10
中国计量大学,标准化工程,普通类提前录取,物理,15
中国计量大学,质量管理工程,普通类提前录取,物理,20
中国计量大学,工业工程,普通类提前录取,物理,5
浙江万里学院,日语,文学,,15
浙江万里学院,电子商务,管理学,,10
浙江万里学院,金融工程,经济学,物理,10
浙江万里学院,电子信息工程,工学,物理、化学,10
浙江万里学院,生物技术,理学,物理、化学,15
浙江万里学院,生物工程类,工学,物理、化学,25
浙江万里学院,环境科学与工程类,工学,物理、化学,25
浙江万里学院,食品质量与安全,工学,物理、化学,10
浙江万里学院,食品营养与健康,工学,物理、化学,10
浙江万里学院,网络空间安全,工学,物理、化学,10
浙江万里学院,智能影像工程,工学,物理、化学,10
浙江万里学院,电气工程及其自动化,工学,物理、化学,15
浙江万里学院,机械电子工程,工学,物理、化学,15
浙江万里学院,物流管理,管理学,,40
浙江万里学院,艺术与科技(中外合作办学),艺术学,,40
浙江万里学院,广告学(中外合作办学),文学,,45
浙江万里学院,视觉传达设计(中外合作办学),艺术学,,45
浙江科技大学,车辆工程(实验班),工学,物理、化学,30
浙江科技大学,环境工程,工学,物理、化学,10
浙江科技大学,工业设计,工学,物理、化学,20
浙江科技大学,机械类(中德联合培养),工学,物理、化学,30
浙江科技大学,电气类(中德联合培养),工学,物理、化学,20
浙江科技大学,土木类(中德联合培养),工学,物理、化学,10
浙江科技大学,机器人工程(中澳联合培养),工学,物理、化学,30
浙江科技大学,国际商务(中澳联合培养),管理学,,30
浙江科技大学,经济学(中美合作办学),经济学,,40
浙江科技大学,德语,文学,,20
浙江财经大学,财政学类（财政学、税收学、国际税收）,A组,,10
浙江财经大学,公共管理类（劳动与社会保障、土地资源管理、行政管理）,A组,,10
浙江财经大学,城乡规划,A组,,5
浙江财经大学,会计学,A组,,5
浙江财经大学,财务管理,A组,,5
浙江财经大学,审计学,A组,,5
浙江财经大学,金融学,A组,,5
浙江财经大学,投资学,A组,,10
浙江财经大学,工商管理类（工商管理、人力资源管理、市场营销、供应链管理）,A组,,10
浙江财经大学,电子商务,A组,,10
浙江财经大学,经济学,A组,,10
浙江财经大学,国际经济与贸易（含数字贸易方向）,A组,,10
浙江财经大学,法学,A组,,5
浙江财经大学,社会工作,A组,,10
浙江财经大学,外国语言文学类（英语、商务英语）,A组,,10
浙江财经大学,汉语言文学,A组,,5
浙江财经大学,新闻传播学类（广告学、网络与新媒体）,A组,,10
浙江财经大学,金融工程,B组,物理,15
浙江财经大学,数字经济,B组,物理,15
浙江财经大学,工程管理,B组,物理,20
浙江财经大学,信息管理与信息系统,B组,物理,15
浙江财经大学,计算机类（人工智能、软件工程、计算机科学与技术）,B组,物理、化学,20
浙江财经大学,应用统计学,B组,物理、化学,15
浙江财经大学,数据科学与大数据技术,B组,物理、化学,10
浙江财经大学,经济统计学,B组,物理,15
浙江财经大学,金融数学,B组,物理,20
浙江财经大学,金融科技,B组,物理,20
浙江财经大学,金融工程（金融科创）,B组,物理,10
浙江财经大学,会计学(中外合作办学),C组,,30
浙江财经大学,金融学(中外合作办学),C组,,30
浙江财经大学,市场营销(中外合作办学),C组,,30
嘉兴大学,人力资源管理,管理学,,10
嘉兴大学,跨境电子商务,经济学,,10
嘉兴大学,英语,文学,,10
嘉兴大学,服装设计与工程,工学,,10
嘉兴大学,金融数学,经济学,物理,10
嘉兴大学,工程管理,管理学,物理,10
嘉兴大学,数学与应用数学,理学,物理、化学,10
嘉兴大学,应用统计学,理学,物理、化学,10
嘉兴大学,临床医学,医学,物理、化学,10
嘉兴大学,麻醉学,医学,物理、化学,10
嘉兴大学,药学,医学,物理、化学,10
嘉兴大学,化学工程与工艺,工学,物理、化学,10
嘉兴大学,应用化学,工学,物理、化学,10
嘉兴大学,环境工程,工学,物理、化学,10
嘉兴大学,生物工程,工学,物理、化学,10
嘉兴大学,纺织工程,工学,物理、化学,10
嘉兴大学,高分子材料与工程,工学,物理、化学,10
浙大城市学院,护理学,医学,化学,70
浙大城市学院,药学,医学,物理、化学,40
浙大城市学院,土木工程,工学,物理、化学,40
浙大城市学院,工业设计(中外合作办学),工学,物理、化学,50
浙大宁波理工学院,高分子材料与工程,工学,物理、化学,10
浙大宁波理工学院,材料科学与工程,工学,物理、化学,10
浙大宁波理工学院,化学工程与工艺,工学,物理、化学,10
浙大宁波理工学院,机械设计制造及其自动化,工学,物理、化学,8
浙大宁波理工学院,土木工程,工学,物理、化学,8
浙大宁波理工学院,工业设计,工学,物理、化学,8
浙大宁波理工学院,国际经济与贸易(中外合作办学),经济学,,8
浙大宁波理工学院,金融学(中外合作办学),经济学,,8
杭州师范大学,小学教育（经亨颐实验班）（师范）,,,70
杭州师范大学,学前教育（经亨颐实验班）（师范）,,,60
杭州师范大学,特殊教育（经亨颐实验班）（师范）,,,30
杭州师范大学,护理学,,化学,160
湖州师范大学,小学教育（师范）,师范组1,,20
湖州师范大学,数学与应用数学（师范）,师范组1,物理、化学,20
湖州师范大学,物理学（师范）,师范组1,物理、化学,20
湖州师范大学,化学（师范）,师范组2,物理、化学,15
湖州师范大学,教育技术学（师范）,师范组2,物理,15
湖州师范大学,护理学,师范组2,化学,30
湖州师范大学,水产养殖学（卓越班）,师范组2,物理、化学,20
湖州师范大学,生物工程,师范组2,物理、化学,20
湖州师范大学,电气工程及其自动化,师范组2,物理、化学,15
湖州师范大学,计算机科学与技术,非师范组1,物理、化学,15
湖州师范大学,制药工程,非师范组1,物理、化学,15
湖州师范大学,新能源材料与器件,非师范组1,物理、化学,15
湖州师范大学,数据科学与大数据技术,非师范组1,物理、化学,15
绍兴大学,学前教育(中外合作办学)(师范),教育学,,40
绍兴大学,土木工程,工学,物理、化学,20
绍兴大学,地质工程,工学,物理、化学,10
绍兴大学,纺织工程,工学,物理、化学,20
绍兴大学,轻化工程,工学,物理、化学,20
绍兴大学,药学,医学,物理、化学,25
温州大学,汉语言文学（师范）,师范类,,7
温州大学,思想政治教育（师范）,师范类,政治,7
温州大学,小学教育（师范）,师范类,,25
温州大学,学前教育（师范）,师范类,,13
温州大学,应用心理学（师范）,师范类,,15
温州大学,教育技术学（师范）,师范类,物理,7
温州大学,数学与应用数学（师范）,师范类,物理、化学,5
温州大学,物理学（师范）,师范类,物理、化学,5
温州大学,化学（师范）,师范类,物理、化学,7
温州大学,英语（师范）,师范类,,7
温州大学,历史学（师范）,师范类,,7
温州大学,生物科学（师范）,师范类,物理、化学,7
温州大学,法学,非师范类,,10
温州大学,行政管理,非师范类,,7
温州大学,国际经贸规则,非师范类,,7
温州大学,电气工程及其自动化（卓工超豪示范班）,非师范类,物理、化学,12
温州大学,电子信息科学与技术,非师范类,物理、化学,12
温州大学,集成电路设计与集成系统,非师范类,物理、化学,7
温州大学,材料科学与工程,非师范类,物理、化学,10
温州大学,应用化学,非师范类,物理、化学,10
温州大学,能源化学,非师范类,物理、化学,10
温州大学,工业工程,非师范类,物理,10
温州大学,车辆工程,非师范类,物理、化学,10
温州大学,机械工程（卓工超豪示范班）,非师范类,物理、化学,15
温州大学,智能制造工程,非师范类,物理、化学,10
温州大学,建筑学,非师范类,,15
温州大学,土木工程,非师范类,物理、化学,12
温州大学,城市地下空间工程,非师范类,物理、化学,7
温州大学,计算机科学与技术,非师范类,物理、化学,7
温州大学,数据科学与大数据技术,非师范类,物理、化学,10
温州大学,人工智能,非师范类,物理、化学,10
温州大学,网络工程（卓工超豪示范班）,非师范类,物理、化学,7
温州大学,应用统计学,非师范类,物理、化学,10
温州大学,信息与计算科学,非师范类,物理、化学,10
温州大学,生态学,非师范类,物理、化学,10
温州大学,环境工程,非师范类,物理、化学,10
温州大学,生物技术,非师范类,物理、化学,10
浙江外国语学院,汉语言文学(师范),教育学,历史,15
浙江外国语学院,小学教育(师范),教育学,,20
浙江外国语学院,西班牙语(中外合作办学)(旅游方向),文学,,25
浙江外国语学院,葡萄牙语,文学,,10
浙江外国语学院,俄语,文学,,10
浙江外国语学院,阿拉伯语,文学,,10
浙江外国语学院,日语,文学,,15
浙江外国语学院,朝鲜语,文学,,5
浙江外国语学院,意大利语,文学,,5
浙江水利水电学院,水利水电工程,,物理、化学,10
浙江水利水电学院,港口航道与海岸工程,,物理、化学,10
浙江水利水电学院,给排水科学与工程,,物理、化学,10
浙江水利水电学院,环境生态工程,,物理、化学,10
浙江水利水电学院,土木工程,,物理、化学,10
浙江水利水电学院,道路桥梁与渡河工程,,物理、化学,10
浙江水利水电学院,测绘工程,,物理、化学,10
浙江水利水电学院,遥感科学与技术,,物理、化学,10
浙江水利水电学院,材料成型及控制工程,,物理、化学,10
浙江水利水电学院,新能源科学与工程,,物理、化学,10
浙江警察学院,数据警务技术,全省统招,物理、化学,0
浙江警察学院,治安学,分市-公安学类,政治,0
浙江警察学院,侦查学,分市-公安学类,政治,0
浙江警察学院,涉外警务,分市-公安学类,政治,0
浙江警察学院,经济犯罪侦查,分市-公安学类,政治,0
浙江警察学院,警务指挥与战术,分市-公安学类,政治,0
浙江警察学院,刑事科学技术,分市-公安技术类,物理、化学,0
浙江警察学院,交通管理工程（智能交通方向）,分市-公安技术类,物理、化学,0
浙江警察学院,网络安全与执法,分市-公安技术类,物理、化学,0
杭州医学院,临床医学,普通类,物理、化学,15
杭州医学院,医学信息工程,普通类,物理、化学,15
丽水学院,小学教育(师范),教育学,,40
丽水学院,学前教育(师范),教育学,,40
丽水学院,民族学,法学,历史,20
嘉兴南湖学院,机械设计制造及其自动化,工学,物理、化学,15
嘉兴南湖学院,土木工程,工学,物理、化学,15
嘉兴南湖学院,化学工程与工艺,工学,物理、化学,15
嘉兴南湖学院,工业设计,工学,物理、化学,15
温州肯恩大学,经济学（中外合作办学）,A组,,11
温州肯恩大学,金融学（中外合作办学）（国际金融方向）,A组,,15
温州肯恩大学,国际商务（中外合作办学）,A组,,8
温州肯恩大学,会计学（中外合作办学）（国际会计方向）,A组,,18
温州肯恩大学,市场营销（中外合作办学）（国际方向）,A组,,6
温州肯恩大学,英语（中外合作办学）,A组,,8
温州肯恩大学,心理学（中外合作办学）,A组,,8
温州肯恩大学,传播学（中外合作办学）,A组,,14
温州肯恩大学,建筑学（中外合作办学）,A组,,10
温州肯恩大学,管理科学（中外合作办学）,B组,物理,7
温州肯恩大学,生物科学（中外合作办学）（细胞与分子方向）,B组,物理、化学,10
温州肯恩大学,数学与应用数学（中外合作办学）（数据分析方向）,B组,物理、化学,9
温州肯恩大学,计算机科学与技术（中外合作办学）,B组,物理、化学,18
温州肯恩大学,化学（中外合作办学）,B组,物理、化学,4
温州肯恩大学,环境科学（中外合作办学）,B组,物理、化学,4
宁波诺丁汉大学,国际商务(中外合作办学),管理学,,25
宁波诺丁汉大学,财务管理(中外合作办学),管理学,,10
宁波诺丁汉大学,经济学(中外合作办学),经济学,,2
宁波诺丁汉大学,国际事务与国际关系(中外合作办学),法学,政治,14
宁波诺丁汉大学,传播学(中外合作办学),文学,,25
宁波诺丁汉大学,英语(中外合作办学),文学,,20
宁波诺丁汉大学,建筑学(中外合作办学),工学,,13
宁波诺丁汉大学,化学(中外合作办学)(2+2),理学,物理、化学,9
宁波诺丁汉大学,数学与应用数学(中外合作办学),理学,物理、化学,10
宁波诺丁汉大学,统计学(中外合作办学),理学,物理、化学,2
宁波诺丁汉大学,电气类(中外合作办学),工学,物理、化学,70
浙江越秀外国语学院,日语,文学,,8
浙江越秀外国语学院,朝鲜语,文学,,6
浙江越秀外国语学院,泰语,文学,,6
浙江越秀外国语学院,大数据管理与应用(中外合作办学),管理学,物理,40
浙江越秀外国语学院,网络与新媒体(中外合作办学),文学,,60
宁波财经学院,财务管理(家族财富管理),管理学,,30
宁波财经学院,创业管理,管理学,,35
宁波财经学院,文化产业管理,管理学,,25
宁波财经学院,国际经济与贸易(大宗商品交易),经济学,,25
宁波财经学院,戏剧影视文学,艺术学,,30
宁波财经学院,广播电视编导(中韩2+2学分互认班),艺术学,,30
宁波财经学院,工业设计,工学,物理、化学,25
温州商学院,金融学,经济学,,40
温州商学院,会计学,管理学,,40
温州商学院,市场营销,管理学,,25
温州商学院,英语,文学,,45
温州商学院,商务英语,文学,,40
温州商学院,计算机类(计算机科学与技术、数据科学与大数据技术),工学,物理、化学,55
温州商学院,新闻传播学类(广告学、传播学、网络与新媒体),文学,,55
复旦大学,专业组1（文科类）,文科类,,55
复旦大学,专业组2（理工类）,理工类,物理、化学,85
复旦大学,专业组3（数学英才班）,理工类,物理、化学,5
复旦大学,医学专业组1（临床医学类）,医学类,物理、化学,40
复旦大学,医学专业组2（其他医学类）,医学类,物理、化学,20
上海交通大学,校本部理科专业组,理工类,物理、化学,244
上海交通大学,校本部文科专业组,文科类,,11
上海交通大学,医学理科专业组,医学类,物理、化学,40
浙江大学,人工智能,理工类,物理、化学,8
浙江大学,工业设计,理工类,物理、化学,7
浙江大学,机器人工程(荣誉项目班),理工类,物理、化学,5
浙江大学,光电信息科学与工程,理工类,物理、化学,12
浙江大学,自动化,理工类,物理、化学,10
浙江大学,信息工程,理工类,物理、化学,12
浙江大学,电子科学与技术,理工类,物理、化学,10
浙江大学,微电子科学与工程,理工类,物理、化学,8
浙江大学,生物医学工程,理工类,物理、化学,30
浙江大学,工程力学,理工类,物理、化学,16
浙江大学,飞行器设计与工程,理工类,物理、化学,20
浙江大学,过程装备与控制工程,理工类,物理、化学,15
浙江大学,车辆工程,理工类,物理、化学,8
浙江大学,能源与环境系统工程,理工类,物理、化学,20
浙江大学,土木、水利与交通工程,理工类,物理、化学,30
浙江大学,城乡规划,理工类,物理、化学,5
浙江大学,建筑学,理工类,物理、化学,9
浙江大学,材料科学与工程,理工类,物理、化学,18
浙江大学,化学工程与工艺,理工类,物理、化学,30
浙江大学,生物工程,理工类,物理、化学,8
浙江大学,高分子材料与工程,理工类,物理、化学,12
浙江大学,机械工程,理工类,物理、化学,6
浙江大学,物理学,理工类,物理、化学,15
浙江大学,心理学,理工类,物理、化学,24
浙江大学,化学,理工类,物理、化学,25
浙江大学,生物科学,理工类,物理、化学,10
浙江大学,生态学,理工类,物理、化学,7
浙江大学,地理信息科学,理工类,物理、化学,10
浙江大学,大气科学,理工类,物理、化学,16
浙江大学,地质学,理工类,物理、化学,22
浙江大学,环境科学,理工类,物理、化学,11
浙江大学,环境工程,理工类,物理、化学,11
浙江大学,海洋工程与技术,理工类,物理、化学,12
浙江大学,海洋科学,理工类,物理、化学,11
浙江大学,电子与计算机工程(中外合作办学),理工类,物理、化学,20
浙江大学,电气工程及其自动化(中外合作办学),理工类,物理、化学,20
浙江大学,土木工程(中外合作办学),理工类,物理、化学,40
浙江大学,机械工程(中外合作办学),理工类,物理、化学,30
浙江大学,智能体育工程,理工类,物理、化学,15
浙江大学,医学试验班(竺可桢学院巴德年医学班),医学类,物理、化学,10
浙江大学,临床医学(5+3一体化),医学类,物理、化学,10
浙江大学,"临床医学(儿科方向,5+3一体化)",医学类,物理、化学,10
浙江大学,口腔医学(5+3一体化),医学类,物理、化学,5
浙江大学,临床医学,医学类,物理、化学,10
浙江大学,生物医学(中外合作办学),医学类,物理、化学,40
浙江大学,生物信息学(中外合作办学),医学类,物理、化学,20
浙江大学,预防医学,医学类,物理、化学,20
浙江大学,药学,医学类,物理、化学,30
浙江大学,农业资源与环境,农学类,物理、化学,15
浙江大学,农学,农学类,物理、化学,8
浙江大学,茶学,农学类,物理、化学,8
浙江大学,植物保护,农学类,物理、化学,8
浙江大学,园林,农学类,物理、化学,15
浙江大学,园艺,农学类,物理、化学,8
浙江大学,动物科学,农学类,物理、化学,12
浙江大学,动物医学,农学类,物理、化学,10
浙江大学,农业工程,农学类,物理、化学,11
浙江大学,食品科学与工程,农学类,物理、化学,10
浙江大学,古典文献学,人文社科类,,10
浙江大学,会计学(智能财务荣誉项目班),人文社科类,,8
浙江大学,工商管理,人文社科类,,8
浙江大学,政治学与行政学,人文社科类,政治,18
浙江大学,社会学,人文社科类,,15
浙江大学,行政管理,人文社科类,,6
浙江大学,农林经济管理,人文社科类,,6
浙江大学,劳动与社会保障,人文社科类,,6
浙江大学,土地资源管理,人文社科类,,6
浙江大学,教育学,人文社科类,,24
浙江大学,国际经济与贸易,人文社科类,,10
浙江大学,金融学(竺可桢学院人文社科实验班),人文社科类,,5
中国科学院大学,数学与应用数学,理工类,物理、化学,0
中国科学院大学,物理学,理工类,物理、化学,0
中国科学院大学,化学,理工类,物理、化学,0
中国科学院大学,天文学,理工类,物理、化学,0
中国科学院大学,人文地理与城乡规划,理工类,物理、化学,0
中国科学院大学,生物科学,理工类,物理、化学,0
中国科学院大学,心理学,理工类,物理、化学,0
中国科学院大学,理论与应用力学,理工类,物理、化学,0
中国科学院大学,网络空间安全,理工类,物理、化学,0
中国科学院大学,材料科学与工程,理工类,物理、化学,0
中国科学院大学,电气工程及其自动化,理工类,物理、化学,0
中国科学院大学,电子信息工程,理工类,物理、化学,0
中国科学院大学,人工智能,理工类,物理、化学,0
中国科学院大学,计算机科学与技术,理工类,物理、化学,0
中国科学院大学,环境科学,理工类,物理、化学,0
西湖大学,生物科学（入学后统一录取，后期分流选定专业）,理工类,物理、化学,15
宁波东方理工大学,计算机科学与技术(第一学年末可选：人工智能、电子科学与技术(集成电路)、智能制造工程、数理基础科学、化学、材料科学与工程、生物医学工程、大数据管理与应用),工学,物理、化学,80
上海纽约大学,入学时不分专业（最迟大二结束前选择）,,,0
昆山杜克大学,材料科学与工程,,,0
昆山杜克大学,数学与应用数学,,,0
昆山杜克大学,生物科学,,,0
昆山杜克大学,化学,,,0
昆山杜克大学,全球健康学,,,0
昆山杜克大学,环境科学,,,0
昆山杜克大学,国际事务与国际关系,,,0
昆山杜克大学,历史学,,,0
昆山杜克大学,数据科学与大数据技术,,,0
昆山杜克大学,经济学,,,0
昆山杜克大学,数字媒体艺术,,,0
昆山杜克大学,英语,,,0
昆山杜克大学,心理学,,,0
昆山杜克大学,计算机科学与技术,,,0
北京外国语大学,梵语巴利语,外国语言文学类,,1
北京外国语大学,立陶宛语（欧洲研究）,外国语言文学类,,1
北京外国语大学,捷克语,外国语言文学类,,1
北京外国语大学,荷兰语（欧洲研究）,外国语言文学类,,1
北京外国语大学,缅甸语（东南亚研究）,外国语言文学类,,1
上海科技大学,物理学,物理学类,物理、化学,2
上海科技大学,化学,化学类,物理、化学,0
上海科技大学,材料科学与工程,材料类,物理、化学,2
上海科技大学,生物科学,生物科学类,物理、化学,2
上海科技大学,生物技术,生物科学类,物理、化学,2
上海科技大学,生物医学工程,生物医学工程类,物理、化学,2
上海科技大学,电子信息工程,电子信息类,物理、化学,3
上海科技大学,计算机科学与技术,计算机类,物理、化学,3
上海科技大学,数学与应用数学,数学类,物理、化学,2
上海科技大学,管理科学,管理科学与工程类,物理、化学,2
上海科技大学,工业设计,机械类,物理、化学,2
上海科技大学,外国语言与外国历史,外国语言与外国历史类,物理、化学,0
南方科技大学,物理学（大类，入学不分专业）,物理学类,物理、化学,54
南方科技大学,生物医学科学（中外合作办学，伦敦国王学院医学院）,基础医学类,物理、化学,3
南方科技大学,生物医学工程（中外合作办学，伦敦国王学院医学院）,生物医学工程类,物理、化学,3
华南理工大学,机器人工程,工学,物理、化学,0
华南理工大学,智能制造工程,工学,物理、化学,0
华南理工大学,微电子科学与工程,工学,物理、化学,0
华南理工大学,集成电路设计与集成系统,工学,物理、化学,0
华南理工大学,人工智能,工学,物理、化学,0
华南理工大学,数据科学与大数据技术,工学,物理、化学,0
华南理工大学,生物医学工程,生物医学工程类,物理、化学,0
华南理工大学,软物质科学与工程,工学,物理、化学,0
香港中文大学（深圳）,理科试验班,试验班,物理、化学,158
香港中文大学（深圳）,经济管理试验班,试验班,,80
香港中文大学（深圳）,人文科学试验班,试验班,,22
深圳北理莫斯科大学,经济学（双学籍）,经济学类,,2
深圳北理莫斯科大学,俄语（双学籍）,外国语言文学类,,2
深圳北理莫斯科大学,生物科学（俄语教学，双学籍）,生物科学类,物理、化学,2
深圳北理莫斯科大学,金融科技（单学籍）,金融学类,物理,2
深圳北理莫斯科大学,国际经济与贸易（单学籍）,经济与贸易类,,2
深圳北理莫斯科大学,电子与计算机工程（单学籍）,计算机类,物理、化学,2
深圳北理莫斯科大学,智能感知工程（单学籍）,仪器类,物理、化学,2